Categoria;Peça;Material;Qtd no modelo;Código;Arquivo(s)
Comprado pronto;Acoplamento elástico tipo garra 5 x 12;Alumínio;2;acoplamento;
Comprado pronto;Alça telescópica: haste Ø16;Alumínio;2;alca_haste;
Comprado pronto;Alça telescópica: luva Ø20;Alumínio;2;alca_luva;
Comprado pronto;Alça telescópica: pegador;Plástico;1;alca_pegador;
Comprado pronto;Bateria Makita 18 V 5,0 Ah;;2;bateria_makita;
Comprado pronto;Botão de emergência cogumelo 22 mm 1NA+1NF;;1;botao_emergencia;
Comprado pronto;Caixa ABS IP65 ~300x200x130;ABS;1;caixa_ip65;
Comprado pronto;Cantoneira de alumínio 40x40x3 x 60;Alumínio;4;cantoneira_garfo;
Comprado pronto;Capacitor 1000 µF / 35 V;;1;capacitor_1000uf;
Comprado pronto;Chave geral de bateria ≥100 A;;1;chave_geral;
Comprado pronto;Colar de trava Ø12;Aço;4;colar_12;
Comprado pronto;Colar de trava Ø8;Aço;4;colar_8;
Comprado pronto;Conversor buck;;3;conversor_buck;
Comprado pronto;Correia GT2 6 mm (aberta);Borracha / fibra;2;correia_gt2;
Comprado pronto;Folha de PTFE/UHMW 0,5 mm sob o disco;PTFE;1;deslizante_ptfe;
Comprado pronto;Módulo diodo ideal ≥30 A;;2;diodo_ideal;
Comprado pronto;Driver TMC2209;;3;driver_tmc2209;
Comprado pronto;ESC brushless 60-80 A;;2;esc_60a;
Comprado pronto;ESP32-S3-DevKitC-1;;1;esp32_s3;
Comprado pronto;Espaçador do motor M5 x 89;Alumínio;8;espacador_motor;
Comprado pronto;Espaçador entre placas M6 x 90;Alumínio;4;espacador_placas;
Comprado pronto;Rolamento lazy susan 300 mm;Aço;1;lazy_susan;
Comprado pronto;Mancal KFL001 (Ø12);Zamak / aço;4;mancal_kfl001;
Comprado pronto;Mancal KFL08 (Ø8);Zamak / aço;2;mancal_kfl08;
Comprado pronto;Motor de passo NEMA17 34 mm (agitador);;1;motor_agitador;
Comprado pronto;Motor de passo NEMA17 48 mm (pan);;1;motor_pan;
Comprado pronto;Motor brushless outrunner classe 4250, 400-500 KV;;2;motor_roda;
Comprado pronto;NEMA17 com fuso Tr8x8 integrado 150 mm;;1;motor_tilt;
Comprado pronto;Parafuso M4 x 45 + porca autotravante;;12;parafuso_m4_roda;
Comprado pronto;Parafuso M5 x 30 (eixo do idler);;2;parafuso_m5_idler;
Comprado pronto;Pé nivelador articulado M8, haste 80 mm;Aço / borracha;2;pe_nivelador;
Comprado pronto;Placa de controle (perfurada);;1;placa_controle;
Comprado pronto;Polia GT2 20 dentes, furo 5 mm;Alumínio;1;polia_gt2_20;
Comprado pronto;Polia lisa (idler) GT2, furo 5 mm;Alumínio;2;polia_lisa;
Comprado pronto;Porca de latão Tr8x8 com flange;Latão;1;porca_tr8;
Comprado pronto;Porta-fusíveis;;1;porta_fusiveis;
Comprado pronto;Relé automotivo 40 A (K1);;1;rele_k1;
Comprado pronto;Roda maciça Ø200 com rolamento;Borracha / PP;2;roda_transporte;
Comprado pronto;Sensor Hall A3144 (módulo);;2;sensor_hall;
Comprado pronto;Sensor infravermelho E18-D80NK (tubo);;1;sensor_tubo;
Comprado pronto;Servo DS3225 25 kg·cm;;1;servo;
Comprado pronto;Adaptador/soquete de bateria Makita 18 V;;2;soquete_makita;
Comprado pronto;Cantoneira de alumínio (fixa a caixa nas travessas);Alumínio 40x40x3;4;suporte_caixa;
Comprado pronto;Trilho-guia da bola Ø8 (vareta de alumínio);Alumínio;2;trilho_guia;
Comprado pronto;Tubo de queda PVC DN75;PVC esgoto DN75;1;tubo_queda;
Impressão 3D;Abraçadeira da alça;PETG;4;abracadeira_alca;impressao_3d/abracadeira_alca.stl
Impressão 3D;Anel de articulação do motor do tilt;PETG;1;anel_articulacao;impressao_3d/anel_articulacao.stl
Impressão 3D;Aro da plataforma (1/4);PETG;4;aro_plataforma;impressao_3d/aro_plataforma_1.stl impressao_3d/aro_plataforma_2.stl impressao_3d/aro_plataforma_3.stl impressao_3d/aro_plataforma_4.stl
Impressão 3D;Banda de rodagem TPU Ø150 x 40;TPU 95A;2;banda_roda;impressao_3d/banda_roda.stl
Impressão 3D;Berço da bola;PETG;1;berco;impressao_3d/berco.stl
Impressão 3D;Berço do soquete de bateria;PETG;2;berco_bateria;impressao_3d/berco_bateria.stl
Impressão 3D;Bloco da porca do tilt;PETG;1;bloco_porca;impressao_3d/bloco_porca.stl
Impressão 3D;Braço do empurrador;PETG + ponta TPU;1;braco_empurrador;impressao_3d/braco_empurrador.stl
Impressão 3D;Capuz sobre o furo de saída;PETG;1;capuz_saida;impressao_3d/capuz_saida.stl
Impressão 3D;Carenagem da roda de baixo;PETG / ASA;1;carenagem_inf;impressao_3d/carenagem_inf.stl
Impressão 3D;Carenagem da roda de cima;PETG / ASA;1;carenagem_sup;impressao_3d/carenagem_sup.stl
Impressão 3D;Console do botão de emergência;PETG/ASA amarelo;1;console_emergencia;impressao_3d/console_emergencia.stl
Impressão 3D;Disco de sinal (2 ímãs);PETG;2;disco_sinal;impressao_3d/disco_sinal.stl
Impressão 3D;Flange do tubo de queda;PETG;1;flange_tubo;impressao_3d/flange_tubo.stl
Impressão 3D;Funil da cabeça (84x130 -> Ø78);PETG;1;funil_cabeca;impressao_3d/funil_cabeca.stl
Impressão 3D;Gaiola de proteção do motor;PETG;2;gaiola_motor;impressao_3d/gaiola_motor.stl
Impressão 3D;Grampo da correia;PETG;2;grampo_correia;impressao_3d/grampo_correia.stl
Impressão 3D;Núcleo da roda Ø134 x 32;PETG / ASA / PA-CF;2;nucleo_roda;impressao_3d/nucleo_roda.stl
Impressão 3D;Placa de montagem interna;PETG;1;placa_montagem;impressao_3d/placa_montagem.stl
Impressão 3D;Poste de canto do hopper;PETG;4;poste_canto_hopper;impressao_3d/poste_canto_hopper.stl
Impressão 3D;Rampa do fundo do hopper (1/4);PETG;4;rampa_hopper;impressao_3d/rampa_hopper_1.stl impressao_3d/rampa_hopper_2.stl impressao_3d/rampa_hopper_3.stl impressao_3d/rampa_hopper_4.stl
Impressão 3D;Rotor do agitador (disco Ø280 + cúpula);PETG;1;rotor_agitador;impressao_3d/rotor_agitador.stl
Impressão 3D;Suporte articulado do motor do tilt;PETG;1;suporte_atuador;impressao_3d/suporte_atuador.stl
Impressão 3D;Suporte do sensor Hall;PETG;2;suporte_hall;impressao_3d/suporte_hall.stl
Impressão 3D;Suporte do servo;PETG;1;suporte_servo;impressao_3d/suporte_servo.stl
Impressão 3D;Suporte dos trilhos;PETG;1;suporte_trilho;impressao_3d/suporte_trilho.stl
Corte a laser;Placa base do hopper (Al 3 mm);Alumínio 5052, 3 mm;1;chapa_base_hopper;corte_laser/chapa_base_hopper_3mm.dxf
Corte a laser;Placa base do pan (Al 4 mm);Alumínio 5052/6061, 4 mm;1;chapa_base_pan;corte_laser/chapa_base_pan_4mm.dxf
Corte a laser;Piso da base (Al 3 mm);Alumínio 5052, 3 mm;1;chapa_piso;corte_laser/chapa_piso_3mm.dxf
Corte a laser;Disco de inércia Ø120 (aço 3 mm);Aço 1020, 3 mm;4;disco_inercia;corte_laser/disco_inercia_3mm.dxf
Corte a laser;Garfo do tilt (Al 6 mm);Alumínio 6061, 6 mm;2;garfo;corte_laser/garfo_6mm.dxf
Corte a laser;Parede do hopper frente/trás 470x220;Acrílico 3 mm ou PC 2 mm;2;parede_hopper_frente;corte_laser/parede_hopper_frente_3mm.dxf
Corte a laser;Parede do hopper lateral 364x220;Acrílico 3 mm ou PC 2 mm;2;parede_hopper_lado;corte_laser/parede_hopper_lado_3mm.dxf
Corte a laser;Placa lateral do lançador (Al 6 mm);Alumínio 6061, 6 mm;2;placa_lateral;corte_laser/placa_lateral_6mm.dxf
Corte a laser;Placa do motor 76x76 (Al 5 mm);Alumínio 5052, 5 mm;2;placa_motor;corte_laser/placa_motor_5mm.dxf
Corte a laser;Plataforma giratória Ø300 (Al 4 mm);Alumínio 5052/6061, 4 mm;1;plataforma;corte_laser/plataforma_4mm.dxf
Corte a laser;Suporte do eixo das rodas (aço 4 mm);Aço 1020, 4 mm;2;suporte_eixo_roda;corte_laser/suporte_eixo_roda_4mm.dxf
Corte a laser;Tela de proteção lateral (chapa perfurada 1 mm);Alumínio perfurado, 1 mm;2;tela_lateral;corte_laser/tela_lateral_1mm.dxf
Corte a laser;Tela de proteção traseira (chapa perfurada 1 mm);Alumínio perfurado, 1 mm;1;tela_traseira;corte_laser/tela_traseira_1mm.dxf
Perfil de alumínio (cortado sob medida);Coluna (perfil 30x30, 900 mm);Alumínio 30x30 canal 8;4;perfil_coluna;
Perfil de alumínio (cortado sob medida);Travessa lateral (perfil 30x30, 390 mm);Alumínio 30x30 canal 8;8;perfil_travessa_390;
Perfil de alumínio (cortado sob medida);Travessa frente/trás (perfil 30x30, 490 mm);Alumínio 30x30 canal 8;7;perfil_travessa_490;
Perfil de alumínio (cortado sob medida);Travessa interna do anel C (perfil 30x30, 390 mm);Alumínio 30x30 canal 8;2;perfil_travessa_interna;
Usinagem / barra cortada;Eixo da roda Ø12 x 128 com chato;Aço 1045 retificado;2;eixo_roda;usinagem/eixo_roda.step
Usinagem / barra cortada;Eixo das rodas de transporte Ø12 x 700;Aço;1;eixo_transporte;usinagem/eixo_transporte.step
Usinagem / barra cortada;Semi-eixo do tilt Ø8 x 45;Aço retificado;2;semi_eixo;usinagem/semi_eixo.step
